Name,Context,Quote
LISA,Discussing Cultural Festivals,Boston hosts various cultural festivals. Which ones have you attended? Let's discuss your experiences in English.
LISA,Correcting Grammar Verb Forms,"Let's work on verb tenses. Say, 'They are going to the beach' in English."
LISA,Exploring Boston's Music Scene,Boston has a vibrant music scene. Are you interested in concerts or live performances? Share your musical interests in English.
LISA,Giving Advice,"Offering advice is important. For instance, you can say, 'I suggest studying regularly to improve your English.' Share advice in English."
LISA,Describing Local Wildlife,"Boston has diverse wildlife. Have you seen squirrels, rabbits, or birds in the city? Describe the wildlife you've encountered in English."
LISA,Discussing Career Development,Thinking about your career path is crucial. Are you planning to attend workshops or seminars to enhance your skills? Share your career goals in English.
LISA,Talking About Favorite Movies,"Movies are a fun way to practice listening skills. What's your favorite movie, and why do you like it? Discuss it in English."
LISA,Giving Compliments,"Compliments are a great way to connect with people. You can say, 'You look fantastic today.' Practice giving compliments to others in English."
LISA,Describing Favorite Artwork,Art appreciation enhances language skills. Do you have a favorite artwork you've seen in a museum? Describe the artwork in English.
LISA,Discussing Future Travel Plans,Planning future travels is exciting. Are there any destinations outside of Boston you're eager to explore? Share your travel aspirations in English.
LISA,Discussing Local Sports Teams,"Boston has several sports teams, like the Red Sox and the Celtics. Are you a fan of any? We can chat about them in English."
LISA,Talking About Recent News Events,Staying updated with the news is essential. Share your thoughts on recent news events in English.
LISA,Debating Current Social Issues,Engage in discussions about social issues. What are your views on topics like climate change or equality? Express your opinions in English.
LISA,Exploring Historical Landmarks,Boston is rich in history. Have you visited landmarks like the USS Constitution or the Old North Church? Describe your experiences in English.
LISA,Planning a Group Trip,Planning a trip with friends or family? Discuss your travel itinerary and preferences in English.
LISA,Correcting Pronunciation: Advanced Words,Let's work on pronunciation for advanced words. Try saying 'entrepreneurship' or 'sustainability' in English.
LISA,Discussing International Cuisine,Exploring international cuisines is exciting. Have you tried dishes from different cultures in Boston? Share your culinary adventures in English.
LISA,Analyzing Literature or Film,Analyzing literature or film can be intellectually stimulating. Share your insights into a book or movie you've recently enjoyed in English.
LISA,Talking About Technological Advancements,Technology is constantly evolving. Discuss recent advancements in fields like artificial intelligence or space exploration in English.
LISA,Sharing Personal Achievements,Celebrating personal achievements is important. Share a recent accomplishment or milestone in your life in English.
LISA,Discussing Global Travel Experiences,Traveling worldwide broadens horizons. Share stories from your global travels and encounters in English.
LISA,Exploring Environmental Conservation,"Environmental conservation is crucial. Discuss topics like sustainability, recycling, or wildlife preservation in English."
LISA,Debating Ethical Dilemmas,Ethical dilemmas often arise. Engage in debates on complex issues like animal rights or medical ethics in English.
LISA,Sharing Cultural Observations,Cultural observations can be enlightening. Share your insights on cultural differences or similarities you've noticed in English.
LISA,Analyzing Economic Trends,"Economic trends affect our lives. Discuss topics like inflation, globalization, or digital currencies in English."
LISA,Discussing Artistic Expression,"Artistic expression is diverse. Share your thoughts on various art forms like painting, sculpture, or photography in English."
LISA,Talking About Educational Pursuits,"Education plays a significant role. Discuss your academic journey, courses, or educational goals in English."
LISA,Exploring Scientific Discoveries,Science is full of wonders. Dive into discussions about recent scientific breakthroughs or space exploration in English.
LISA,Reflecting on Personal Growth,Personal growth is continuous. Share your experiences and insights on self-improvement and development in English.
LISA,Discussing Innovative Technologies,Innovation drives progress. Explore conversations about emerging technologies like virtual reality or quantum computing in English.
LISA,Talking About Cultural Exchange Programs,Cultural exchange programs can be enriching. Share your experiences or aspirations for participating in one in English.
LISA,Discussing Global Humanitarian Efforts,"Global humanitarian efforts make a difference. Discuss international aid, disaster relief, or volunteer work in English."
LISA,Debating Political Issues,"Politics impacts society. Engage in discussions on political topics such as democracy, human rights, or diplomacy in English."
LISA,Sharing Business Insights,"Business is dynamic. Share your thoughts on entrepreneurship, market trends, or leadership strategies in English."
LISA,Exploring Space Exploration,"Space exploration sparks curiosity. Discuss space missions, planetary exploration, or the search for extraterrestrial life in English."
LISA,Analyzing Environmental Challenges,"Environmental challenges require attention. Delve into topics like climate change, deforestation, or conservation efforts in English."
LISA,Discussing Literature Classics,Literature classics offer timeless wisdom. Share your interpretations and thoughts on classic novels or poetry in English.
LISA,Talking About Cultural Traditions,"Cultural traditions are diverse. Discuss the significance of customs, rituals, or celebrations from around the world in English."
LISA,Reflecting on Philosophical Ideas,"Philosophical ideas stimulate thought. Share your views on philosophical concepts, ethical dilemmas, or existentialism in English."
LISA,Exploring Futuristic Technology,"Futuristic technology is fascinating. Discuss topics like artificial intelligence, biotechnology, or space colonization in English."
LISA,Discussing Health and Wellness Trends,"Health and wellness trends are ever-evolving. Share your insights on topics like holistic health, fitness trends, or mental well-being in English."
LISA,Exploring Sustainable Living Practices,"Sustainable living practices are important. Discuss eco-friendly habits, renewable energy, or reducing carbon footprints in English."
LISA,Debating Ethical Business Practices,"Ethical business practices are crucial. Engage in discussions about corporate social responsibility, fair trade, or ethical consumerism in English."
LISA,Sharing Cultural Artifacts,"Cultural artifacts hold history. Describe or discuss significant cultural artifacts, museums, or exhibitions in English."
LISA,Analyzing Historical Events Impact,"Historical events shape the world. Analyze the impact of events like the Industrial Revolution, or the Civil Rights Movement in English."
LISA,Discussing Innovations in Education,"Innovations in education are transforming learning. Share your thoughts on online learning, EdTech, or personalized education in English."
LISA,Talking About Wildlife Conservation Efforts,"Wildlife conservation is a global concern. Discuss conservation projects, endangered species, or wildlife protection initiatives in English."
LISA,Exploring Sustainable Agriculture,"Sustainable agriculture is vital for the planet. Explore topics like organic farming, permaculture, or food security in English."
LISA,Reflecting on Inspirational Leaders,"Inspirational leaders inspire change. Share your admiration for leaders who've made a positive impact, from historical figures to modern-day icons, in English."
LISA,Discussing Cultural Diversity in Cities,"Cultural diversity enriches cities. Talk about the multicultural aspects of cities, cultural festivals, or integration efforts in English."
