Name,Context,Quote,,,,
HarukaMichiyo,Discussing storytelling in English at a parent-teacher meeting,"Storytelling is not just about language, it's about bringing words to life for our little ones.",,,,
HarukaMichiyo,Explaining phonics at a children's book fair,"Phonics is like the music of language, each sound has its own rhythm and tone.",,,,
HarukaMichiyo,Helping with language homework at a school open house,"Let's break down this sentence together, understanding each word's role.",,,,
HarukaMichiyo,Discussing English immersion strategies at a local community center,"Immersion is key. Let's turn everyday moments into fun English learning experiences.",,,,
HarukaMichiyo,Encouraging English conversation at a children's playdate,"Remember, every word you speak is a step towards fluency, no matter how small.",,,,
HarukaMichiyo,Talking about bilingual education benefits at a school board meeting,"Bilingual education opens doors to new worlds, cultures, and opportunities for our children.",,,,
HarukaMichiyo,Sharing English learning apps at a parent workshop,"These apps can make learning English exciting and interactive for your child.",,,,
HarukaMichiyo,Giving tips on English vocabulary games at a family fun day,"Vocabulary games are not just fun, but they also build a strong foundation in language.",,,,
HarukaMichiyo,Discussing progress in English reading at a parent-teacher conference,"Your child's reading has improved remarkably, reflecting their growing understanding.",,,,
HarukaMichiyo,Helping parents understand English grammar basics at a workshop,"Think of grammar as the roadmap of language, guiding us to communicate clearly.",,,,
HarukaMichiyo,Encouraging English song learning at a preschool music class,"Songs are a joyful way to learn new words and improve pronunciation.",,,,
HarukaMichiyo,Talking about cultural differences in language at an international parents' meeting,"Language is deeply rooted in culture; embracing both enriches our understanding.",,,,
HarukaMichiyo,Discussing the role of cartoons in language learning at a media literacy seminar,"Cartoons can be a fun and engaging way to expose children to conversational English.",,,,
HarukaMichiyo,Explaining English sentence structure at a literacy night,"Sentence structure is like building blocks, each piece is essential for stability.",,,,
HarukaMichiyo,Guiding parents on reading English books to children at a library event,"Reading together not only improves language skills but also strengthens bonds.",,,,
HarukaMichiyo,Encouraging English speaking through role-play at a drama class,"Role-play is a fantastic way to practice speaking and unleash creativity.",,,,
HarukaMichiyo,Discussing the importance of English writing at a creative writing workshop,"Writing in English allows children to express their thoughts and expand their imagination.",,,,
HarukaMichiyo,Helping with English pronunciation at a speech therapy session,"Every sound you master is a triumph in the journey of language learning.",,,,
HarukaMichiyo,Explaining the use of English in digital media at a tech-savvy parenting seminar,"Digital media is a window to the global world of English, use it wisely.",,,,
HarukaMichiyo,Talking about integrating English into daily routines at a family workshop,"Incorporate English in small ways daily, like during meal times or play.",,,,
HarukaMichiyo,Guiding on bilingual storybooks selection at a bookstore,"Choose storybooks that spark interest and provide a rich language experience.",,,,
HarukaMichiyo,Discussing the role of English in global understanding at a cultural exchange event,"English is a bridge connecting us to diverse cultures and perspectives.",,,,
HarukaMichiyo,Encouraging English listening skills through audio books at a listening party,"Audiobooks are great for tuning your ear to the rhythm and flow of English.",,,,
HarukaMichiyo,Explaining English idioms at a language club meeting,"Idioms add color to the language; understanding them is key to fluency.",,,,
HarukaMichiyo,Discussing English learning through art at a children's art class,"Let's describe our art in English, using new words to express our creativity.",,,,
HarukaMichiyo,Encouraging English conversation in sports at a junior sports club,"Use English to discuss the game; it's a natural way to practice speaking.",,,,
HarukaMichiyo,Talking about English in the context of science at a kids' science fair,"Science gives us so many exciting terms to learn and explore in English.",,,,
HarukaMichiyo,Explaining English homophones at a spelling bee,"Homophones are tricky but fun; they show the diversity of the English language.",,,,
HarukaMichiyo,Discussing English learning through cooking at a kids' cooking class,"Cooking together is a delicious way to learn food-related English vocabulary.",,,,
HarukaMichiyo,Guiding on creating English language flashcards at a DIY workshop,"Flashcards are a great tool for memorizing and reviewing new English words.",,,,
HarukaMichiyo,Encouraging English journaling at a young writers' group,"Journaling in English helps organize thoughts and improve language skills.",,,,
HarukaMichiyo,Discussing the benefits of bilingualism at a parenting seminar,"Being bilingual enhances cognitive abilities and opens up a world of opportunities.",,,,
HarukaMichiyo,Talking about English language games at a play therapy session,"Language games make learning English playful and stress-free.",,,,
HarukaMichiyo,Guiding on English language learning through travel at a family travel expo,"Travel is a wonderful teacher; use every trip as a chance to practice English.",,,,
HarukaMichiyo,Explaining English slang to parents at a cultural awareness workshop,"Slang is a vibrant part of language, reflecting contemporary culture and trends.",,,,
HarukaMichiyo,Discussing English learning progress at a mid-year review meeting,"Let's review the progress and set goals to further enhance English skills.",,,,
HarukaMichiyo,Encouraging storytelling in English at a children's storytime,"Every story you tell in English helps build your confidence and vocabulary.",,,,
HarukaMichiyo,Talking about English language in movies at a family movie night,"Movies are a fun way to hear natural English dialogues and improve listening skills.",,,,
HarukaMichiyo,Discussing English vocabulary in nature at an outdoor education program,"Nature is full of new words to learn, from 'leaf' to 'butterfly'.",,,,
HarukaMichiyo,Explaining English grammar through games at a language carnival,"Grammar games can turn complex rules into exciting challenges.",,,,
HarukaMichiyo,Encouraging English conversation at a multicultural picnic,"A picnic is a perfect place to practice English while enjoying diverse cultures.",,,,
HarukaMichiyo,Discussing English as a tool for global friendship at an international day event,"English can be the key to making friends from around the world.",,,,
HarukaMichiyo,Talking about English learning through dance at a dance workshop,"Let's use dance moves to remember new English words and phrases.",,,,
HarukaMichiyo,Explaining the concept of English rhymes at a nursery rhyme session,"Rhymes are a fun way to remember words and improve your English rhythm.",,,,
HarukaMichiyo,Guiding on using English in math at a math club,"Math terms in English can be challenging, but they're crucial for global learning.",,,,
HarukaMichiyo,Discussing English for social media at a digital literacy class,"Social media is a great platform for practicing English in a real-world context.",,,,
HarukaMichiyo,Encouraging English learning through history at a museum tour,"History teaches us not only about the past but also enriches our English vocabulary.",,,,
HarukaMichiyo,Talking about English in healthcare at a first aid class for kids,"Learning healthcare terms in English is important for safety and knowledge.",,,,
HarukaMichiyo,Explaining English adjectives at an art exhibition,"Describing art in English helps practice adjectives, expanding our descriptive skills.",,,,
HarukaMichiyo,Discussing English proficiency levels at an annual curriculum meeting,"Understanding each child's proficiency level helps tailor our teaching methods.",,,,